<?xml version="1.0" encoding="utf-8" ?>
<manifest identifier="Store Data Security and PCI Compliance " version="1.0" 
       xmlns="http://www.imsproject.org/xsd/imscp_rootv1p1p2"
       xmlns:adlcp="http://www.adlnet.org/xsd/adlcp_rootv1p2"
       xmlns:xsi="http://www.w3.org/2001/XMLSchema-instance"
       xsi:schemaLocation="http://www.imsproject.org/xsd/imscp_rootv1p1p2 imscp_rootv1p1p2.xsd
                           http://www.imsglobal.org/xsd/imsmd_rootv1p2p1 imsmd_rootv1p2p1.xsd
                           http://www.adlnet.org/xsd/adlcp_rootv1p2 adlcp_rootv1p2.xsd">
	<metadata>
		<schema>ADL SCORM</schema>
		<schemaversion>1.2</schemaversion>
		<adlcp:location>metadata.xml</adlcp:location> 
	</metadata>
	<organizations default="Store Data Security and PCI Compliance _ORG">
		<organization identifier="Store Data Security and PCI Compliance _ORG">
			<title>Store Data Security and PCI Compliance </title>
			<item identifier="SCO_ID1" isvisible="true" identifierref="SCO_ID1_RES">
				<title>Course Object title</title>
			</item>
			<metadata>
				<schema>ADL SCORM</schema>
				<schemaversion>1.2</schemaversion>
				<adlcp:location>metadata.xml</adlcp:location> 
			</metadata>	
		</organization>
	</organizations>
	<resources>
		<resource identifier="SCO_ID1_RES" type="webcontent" href="index_scorm.html" adlcp:scormtype="sco">
			
			<metadata>
				<schema>ADL SCORM</schema>
				<schemaversion>1.2</schemaversion>
				<adlcp:location>metadata.xml</adlcp:location> 
			</metadata>
			
			<file href="ar/10910.mp3"/>
		    <file href="index_scorm.html"/>
			<file href="scormdriver.js"/>
			<file href="browsersniff.js"/>
			
<file href="ar/10916.mp3"/> 
<file href="ar/11464.mp3"/> 
<file href="ar/11782.mp3"/> 
<file href="ar/12151.mp3"/> 
<file href="ar/13193.mp3"/> 
<file href="ar/13386.mp3"/> 
<file href="ar/13666.mp3"/> 
<file href="ar/13679.mp3"/> 
<file href="ar/14191.mp3"/> 
<file href="ar/14440.mp3"/> 
<file href="ar/206211.mp3"/> 
<file href="ar/295817.mp3"/> 
<file href="ar/520630.mp3"/> 
<file href="ar/553786.mp3"/> 
<file href="ar/553794.mp3"/> 
<file href="ar/553802.mp3"/> 
<file href="ar/553807.mp3"/> 
<file href="ar/553812.mp3"/> 
<file href="ar/553815.mp3"/> 
<file href="ar/553823.mp3"/> 
<file href="ar/553828.mp3"/> 
<file href="ar/553832.mp3"/> 
<file href="ar/553836.mp3"/> 
<file href="ar/618923.mp3"/> 
<file href="ar/672667.mp3"/> 
<file href="ar/677632.mp3"/> 
<file href="ar/730180.mp3"/> 
<file href="ar/Mouse.mp3"/> 
<file href="assets/TOC_icons/collapseIcon.png"/> 
<file href="assets/TOC_icons/expandIcon.png"/> 
<file href="assets/TOC_icons/photo.png"/> 
<file href="assets/css/CPLibraryAll.css"/> 
<file href="assets/css/fonts/.DS_Store"/> 
<file href="assets/css/fonts/NeutraDisplay-Titling.eot"/> 
<file href="assets/css/fonts/NeutraDisplay-Titling.otf"/> 
<file href="assets/css/fonts/NeutraDisplay-Titling.svg"/> 
<file href="assets/css/fonts/NeutraDisplay-Titling.ttf"/> 
<file href="assets/css/fonts/NeutraDisplay-Titling.woff"/> 
<file href="assets/css/fonts/NeutraDisplay-Titling.woff2"/> 
<file href="assets/css/fonts/NeutraText-Bold.eot"/> 
<file href="assets/css/fonts/NeutraText-Bold.otf"/> 
<file href="assets/css/fonts/NeutraText-Bold.svg"/> 
<file href="assets/css/fonts/NeutraText-Bold.ttf"/> 
<file href="assets/css/fonts/NeutraText-Bold.woff"/> 
<file href="assets/css/fonts/NeutraText-Bold.woff2"/> 
<file href="assets/css/fonts/NeutraText-BoldFrac.eot"/> 
<file href="assets/css/fonts/NeutraText-BoldFrac.otf"/> 
<file href="assets/css/fonts/NeutraText-BoldFrac.svg"/> 
<file href="assets/css/fonts/NeutraText-BoldFrac.ttf"/> 
<file href="assets/css/fonts/NeutraText-BoldFrac.woff"/> 
<file href="assets/css/fonts/NeutraText-BoldFrac.woff2"/> 
<file href="assets/css/fonts/NeutraText-BoldItalic.eot"/> 
<file href="assets/css/fonts/NeutraText-BoldItalic.otf"/> 
<file href="assets/css/fonts/NeutraText-BoldItalic.svg"/> 
<file href="assets/css/fonts/NeutraText-BoldItalic.ttf"/> 
<file href="assets/css/fonts/NeutraText-BoldItalic.woff"/> 
<file href="assets/css/fonts/NeutraText-BoldItalic.woff2"/> 
<file href="assets/css/fonts/NeutraText-Book.eot"/> 
<file href="assets/css/fonts/NeutraText-Book.otf"/> 
<file href="assets/css/fonts/NeutraText-Book.svg"/> 
<file href="assets/css/fonts/NeutraText-Book.ttf"/> 
<file href="assets/css/fonts/NeutraText-Book.woff"/> 
<file href="assets/css/fonts/NeutraText-Book.woff2"/> 
<file href="assets/css/fonts/NeutraText-BookItalic.eot"/> 
<file href="assets/css/fonts/NeutraText-BookItalic.otf"/> 
<file href="assets/css/fonts/NeutraText-BookItalic.svg"/> 
<file href="assets/css/fonts/NeutraText-BookItalic.ttf"/> 
<file href="assets/css/fonts/NeutraText-BookItalic.woff"/> 
<file href="assets/css/fonts/NeutraText-BookItalic.woff2"/> 
<file href="assets/css/fonts/NeutraText-Demi.eot"/> 
<file href="assets/css/fonts/NeutraText-Demi.otf"/> 
<file href="assets/css/fonts/NeutraText-Demi.svg"/> 
<file href="assets/css/fonts/NeutraText-Demi.ttf"/> 
<file href="assets/css/fonts/NeutraText-Demi.woff"/> 
<file href="assets/css/fonts/NeutraText-Demi.woff2"/> 
<file href="assets/css/fonts/NeutraText-DemiItalic.eot"/> 
<file href="assets/css/fonts/NeutraText-DemiItalic.otf"/> 
<file href="assets/css/fonts/NeutraText-DemiItalic.svg"/> 
<file href="assets/css/fonts/NeutraText-DemiItalic.ttf"/> 
<file href="assets/css/fonts/NeutraText-DemiItalic.woff"/> 
<file href="assets/css/fonts/NeutraText-DemiItalic.woff2"/> 
<file href="assets/css/fonts/NeutraText-Light.eot"/> 
<file href="assets/css/fonts/NeutraText-Light.otf"/> 
<file href="assets/css/fonts/NeutraText-Light.svg"/> 
<file href="assets/css/fonts/NeutraText-Light.ttf"/> 
<file href="assets/css/fonts/NeutraText-Light.woff"/> 
<file href="assets/css/fonts/NeutraText-Light.woff2"/> 
<file href="assets/css/fonts/NeutraText-LightItalic.eot"/> 
<file href="assets/css/fonts/NeutraText-LightItalic.otf"/> 
<file href="assets/css/fonts/NeutraText-LightItalic.svg"/> 
<file href="assets/css/fonts/NeutraText-LightItalic.ttf"/> 
<file href="assets/css/fonts/NeutraText-LightItalic.woff"/> 
<file href="assets/css/fonts/NeutraText-LightItalic.woff2"/> 
<file href="assets/css/fonts/fonts.css"/> 
<file href="assets/css/start/images/animated-overlay.gif"/> 
<file href="assets/css/start/images/ui-bg_flat_55_999999_40x100.png"/> 
<file href="assets/css/start/images/ui-bg_flat_75_aaaaaa_40x100.png"/> 
<file href="assets/css/start/images/ui-bg_glass_45_0078ae_1x400.png"/> 
<file href="assets/css/start/images/ui-bg_glass_55_f8da4e_1x400.png"/> 
<file href="assets/css/start/images/ui-bg_glass_75_79c9ec_1x400.png"/> 
<file href="assets/css/start/images/ui-bg_gloss-wave_45_e14f1c_500x100.png"/> 
<file href="assets/css/start/images/ui-bg_gloss-wave_50_6eac2c_500x100.png"/> 
<file href="assets/css/start/images/ui-bg_gloss-wave_75_2191c0_500x100.png"/> 
<file href="assets/css/start/images/ui-bg_inset-hard_100_fcfdfd_1x100.png"/> 
<file href="assets/css/start/images/ui-icons_0078ae_256x240.png"/> 
<file href="assets/css/start/images/ui-icons_056b93_256x240.png"/> 
<file href="assets/css/start/images/ui-icons_d8e7f3_256x240.png"/> 
<file href="assets/css/start/images/ui-icons_e0fdff_256x240.png"/> 
<file href="assets/css/start/images/ui-icons_f5e175_256x240.png"/> 
<file href="assets/css/start/images/ui-icons_f7a50d_256x240.png"/> 
<file href="assets/css/start/images/ui-icons_fcd113_256x240.png"/> 
<file href="assets/css/start/jquery-ui-1.11.4.custom.css"/> 
<file href="assets/css/start/jquery-ui-1.11.4.custom.min.css"/> 
<file href="assets/htmlimages/360_slide_OFF_Click.svg"/> 
<file href="assets/htmlimages/360_slide_OFF_Hover.svg"/> 
<file href="assets/htmlimages/360_slide_OFF_Normal.svg"/> 
<file href="assets/htmlimages/360_slide_ON_Click.svg"/> 
<file href="assets/htmlimages/360_slide_ON_Hover.svg"/> 
<file href="assets/htmlimages/360_slide_ON_normal.svg"/> 
<file href="assets/htmlimages/Answer_checkbox_correct.png"/> 
<file href="assets/htmlimages/Answer_checkbox_hover.png"/> 
<file href="assets/htmlimages/Answer_checkbox_incorrect.png"/> 
<file href="assets/htmlimages/Answer_checkbox_normal.png"/> 
<file href="assets/htmlimages/Answer_checkbox_select.png"/> 
<file href="assets/htmlimages/Answer_radio_correct.png"/> 
<file href="assets/htmlimages/Answer_radio_hover.png"/> 
<file href="assets/htmlimages/Answer_radio_incorrect.png"/> 
<file href="assets/htmlimages/Answer_radio_normal.png"/> 
<file href="assets/htmlimages/Answer_radio_select.png"/> 
<file href="assets/htmlimages/Graph.jpg"/> 
<file href="assets/htmlimages/HotspotDisplayImage.png"/> 
<file href="assets/htmlimages/HotspotDisplayText.png"/> 
<file href="assets/htmlimages/HotspotNavigation.png"/> 
<file href="assets/htmlimages/HotspotPlayAudio.png"/> 
<file href="assets/htmlimages/HotspotQuestionOverlays.png"/> 
<file href="assets/htmlimages/HotspotStaticActions.png"/> 
<file href="assets/htmlimages/Pause.gif"/> 
<file href="assets/htmlimages/Pause2x.gif"/> 
<file href="assets/htmlimages/Play.gif"/> 
<file href="assets/htmlimages/Play2x.gif"/> 
<file href="assets/htmlimages/Play_icon.png"/> 
<file href="assets/htmlimages/VR_menu_close_default@2x.png"/> 
<file href="assets/htmlimages/VR_menu_close_hover@2x.png"/> 
<file href="assets/htmlimages/VR_menu_close_select@2x.png"/> 
<file href="assets/htmlimages/VR_menu_default@2x.png"/> 
<file href="assets/htmlimages/VR_menu_hover@2x.png"/> 
<file href="assets/htmlimages/VR_menu_mute_default@2x.png"/> 
<file href="assets/htmlimages/VR_menu_mute_hover@2x.png"/> 
<file href="assets/htmlimages/VR_menu_mute_select@2x.png"/> 
<file href="assets/htmlimages/VR_menu_next_default@2x.png"/> 
<file href="assets/htmlimages/VR_menu_next_hover@2x.png"/> 
<file href="assets/htmlimages/VR_menu_next_select@2x.png"/> 
<file href="assets/htmlimages/VR_menu_pause_default@2x.png"/> 
<file href="assets/htmlimages/VR_menu_pause_hover@2x.png"/> 
<file href="assets/htmlimages/VR_menu_pause_select@2x.png"/> 
<file href="assets/htmlimages/VR_menu_play_default@2x.png"/> 
<file href="assets/htmlimages/VR_menu_play_hover@2x.png"/> 
<file href="assets/htmlimages/VR_menu_play_select@2x.png"/> 
<file href="assets/htmlimages/VR_menu_previous_default@2x.png"/> 
<file href="assets/htmlimages/VR_menu_previous_hover@2x.png"/> 
<file href="assets/htmlimages/VR_menu_previous_select@2x.png"/> 
<file href="assets/htmlimages/VR_menu_select@2x.png"/> 
<file href="assets/htmlimages/VR_move_left.png"/> 
<file href="assets/htmlimages/VR_move_right.png"/> 
<file href="assets/htmlimages/arrow_right.gif"/> 
<file href="assets/htmlimages/assessmenthotspotvisited.png"/> 
<file href="assets/htmlimages/assessmenthotspotvisited.svg"/> 
<file href="assets/htmlimages/assessmenthotspotvisited@2x.png"/> 
<file href="assets/htmlimages/ccClose.png"/> 
<file href="assets/htmlimages/checkBox_disabled.png"/> 
<file href="assets/htmlimages/checkBox_normal.png"/> 
<file href="assets/htmlimages/checkBox_selected.png"/> 
<file href="assets/htmlimages/checkBox_selectedDisabled.png"/> 
<file href="assets/htmlimages/checkboxchecked.png"/> 
<file href="assets/htmlimages/checkboxunchecked.png"/> 
<file href="assets/htmlimages/closeReviewButton.png"/> 
<file href="assets/htmlimages/correct_answer_normal.png"/> 
<file href="assets/htmlimages/correct_answer_small.png"/> 
<file href="assets/htmlimages/correct_question_normal.png"/> 
<file href="assets/htmlimages/correct_question_small.png"/> 
<file href="assets/htmlimages/dd_arrow.png"/> 
<file href="assets/htmlimages/expand_icon.png"/> 
<file href="assets/htmlimages/expand_icon@2x.png"/> 
<file href="assets/htmlimages/gesturemobileicon.png"/> 
<file href="assets/htmlimages/gesturemobileicon@2x.png"/> 
<file href="assets/htmlimages/gesturemobileimage2.png"/> 
<file href="assets/htmlimages/gesturemobilelandscape.png"/> 
<file href="assets/htmlimages/gesturetabletimage.png"/> 
<file href="assets/htmlimages/hotspot.gif"/> 
<file href="assets/htmlimages/hotspot_correct_answer_normal.png"/> 
<file href="assets/htmlimages/hotspot_incorrect_answer_normal.png"/> 
<file href="assets/htmlimages/img_trans.gif"/> 
<file href="assets/htmlimages/incorrect_answer_normal.png"/> 
<file href="assets/htmlimages/incorrect_answer_small.png"/> 
<file href="assets/htmlimages/incorrect_question_normal.png"/> 
<file href="assets/htmlimages/incorrect_question_small.png"/> 
<file href="assets/htmlimages/loader.gif"/> 
<file href="assets/htmlimages/loader_transparent.gif"/> 
<file href="assets/htmlimages/movieexpire.png"/> 
<file href="assets/htmlimages/partial_correct_question_normal.png"/> 
<file href="assets/htmlimages/partial_correct_question_small.png"/> 
<file href="assets/htmlimages/placeholder.png"/> 
<file href="assets/htmlimages/radioButton_disabled.png"/> 
<file href="assets/htmlimages/radioButton_normal.png"/> 
<file href="assets/htmlimages/radioButton_selected.png"/> 
<file href="assets/htmlimages/radioButton_selectedDisabled.png"/> 
<file href="assets/htmlimages/radiochecked.png"/> 
<file href="assets/htmlimages/radiounchecked.png"/> 
<file href="assets/htmlimages/sequenceReview.png"/> 
<file href="assets/htmlimages/skip_answer_normal.png"/> 
<file href="assets/htmlimages/skip_answer_small.png"/> 
<file href="assets/htmlimages/skip_question_normal.png"/> 
<file href="assets/htmlimages/skip_question_small.png"/> 
<file href="assets/htmlimages/toc.png"/> 
<file href="assets/htmlimages/vidbg.png"/> 
<file href="assets/htmlimages/vidfullscreen.png"/> 
<file href="assets/htmlimages/vidpause.png"/> 
<file href="assets/htmlimages/vidplay.png"/> 
<file href="assets/htmlimages/vidrewind.png"/> 
<file href="assets/htmlimages/vidslider.png"/> 
<file href="assets/htmlimages/vidstop.png"/> 
<file href="assets/htmlimages/vidvolume.png"/> 
<file href="assets/htmlimages/vidvolume2.png"/> 
<file href="assets/htmlimages/vidvolumemute.png"/> 
<file href="assets/js/CPM.js"/> 
<file href="assets/js/CPXHRLoader.js"/> 
<file href="assets/js/jquery-3.3.1.min.js"/> 
<file href="assets/playbar/PlaybarIcons/AudioOff.png"/> 
<file href="assets/playbar/PlaybarIcons/AudioOn.png"/> 
<file href="assets/playbar/PlaybarIcons/BackGround.png"/> 
<file href="assets/playbar/PlaybarIcons/Backward.png"/> 
<file href="assets/playbar/PlaybarIcons/CC.png"/> 
<file href="assets/playbar/PlaybarIcons/Color.png"/> 
<file href="assets/playbar/PlaybarIcons/ColorSmall.png"/> 
<file href="assets/playbar/PlaybarIcons/EnterVR.png"/> 
<file href="assets/playbar/PlaybarIcons/Exit.png"/> 
<file href="assets/playbar/PlaybarIcons/FastForward.png"/> 
<file href="assets/playbar/PlaybarIcons/FastForward1.png"/> 
<file href="assets/playbar/PlaybarIcons/FastForward2.png"/> 
<file href="assets/playbar/PlaybarIcons/Forward.png"/> 
<file href="assets/playbar/PlaybarIcons/Glow.png"/> 
<file href="assets/playbar/PlaybarIcons/GlowSmall.png"/> 
<file href="assets/playbar/PlaybarIcons/Height.png"/> 
<file href="assets/playbar/PlaybarIcons/Pause.png"/> 
<file href="assets/playbar/PlaybarIcons/Play.png"/> 
<file href="assets/playbar/PlaybarIcons/Play_icon.png"/> 
<file href="assets/playbar/PlaybarIcons/Progress.png"/> 
<file href="assets/playbar/PlaybarIcons/Rewind.png"/> 
<file href="assets/playbar/PlaybarIcons/Stroke.png"/> 
<file href="assets/playbar/PlaybarIcons/StrokeSmall.png"/> 
<file href="assets/playbar/PlaybarIcons/TOC.png"/> 
<file href="assets/playbar/PlaybarIcons/Thumb.png"/> 
<file href="assets/playbar/PlaybarIcons/ThumbBase.png"/> 
<file href="assets/playbar/playbarScript.js"/> 
<file href="assets/toc/tocIcons/blankBookmark.png"/> 
<file href="assets/toc/tocIcons/clear.png"/> 
<file href="assets/toc/tocIcons/expander.png"/> 
<file href="assets/toc/tocIcons/fullBookmark.png"/> 
<file href="assets/toc/tocIcons/go.png"/> 
<file href="assets/toc/tocIcons/infoClose.png"/> 
<file href="assets/toc/tocIcons/moreinfo.png"/> 
<file href="assets/toc/tocIcons/searchBtnNormal.png"/> 
<file href="assets/toc/tocIcons/searchBtnSelect.png"/> 
<file href="assets/toc/tocIcons/visited.png"/> 
<file href="dr/11472.gif"/> 
<file href="dr/11901.gif"/> 
<file href="dr/12146.gif"/> 
<file href="dr/12704.gif"/> 
<file href="dr/12970.gif"/> 
<file href="dr/13654.gif"/> 
<file href="dr/img1.json"/> 
<file href="dr/img2.json"/> 
<file href="dr/img3.json"/> 
<file href="dr/img4.json"/> 
<file href="dr/img5.json"/> 
<file href="dr/img6.json"/> 
<file href="dr/imgmd.json"/> 
<file href="dr/loading.gif"/> 
<file href="goodbye.html"/> 
<file href="index_scorm.html"/> 
<file href="project.txt"/> 
<file href="vr/Vi2.mp4"/> 
<file href="vr/Vi3.mp4"/> 
<file href="vr/Vi4.mp4"/> 
<file href="Utilities.js"/> 
		</resource>
	</resources>
</manifest>
